Date,Section,Top Hat,TH-Attendance,Homework #1,Homework #2,Homework #3,Homework #4,Homework #5,Homework #6,Homework #7,Homework #8,Homework #9,Homework #10,Homework #11,Homework #12,Homework #13,Homework #14,Homework #15,Homework #16,Homework #17,Homework #18,Homework #19,Homework #20,Homework #21,Homework #22,Hello Jack,Project #1,Project #2,Project #3,Project #4,Project #5,Project #6,Project #7,Project #8,Project #9,Project #10,Project #11,Midterm Exam #1,Midterm Exam #2,Final Exam,Participation
12/21/2021,29428 | CSE 2221: DL 357 4:10 - 5:05 and 29429 | CSE 2221: Baker Syst 4:10 - 5:05,29.11,82.35,2,2,2,2,2,2,2,2,2,2,2,2,2,1.75,2,2,2,2,2,2,2,2,0,10,10,8.5,10,9.75,10,10,8.5,10,11,10,63,81,62,4
12/21/2021,29428 | CSE 2221: DL 357 4:10 - 5:05 and 29429 | CSE 2221: Baker Syst 4:10 - 5:05,39.24,76.47,2,2,2,2,2,2,2,2,2,2,2,2,2,2,2,2,2,2,2,2,2,2,0,10,10,9.5,10,6.25,9.5,7.25,3.25,10,9.5,9,91,86,60,4
12/21/2021,29428 | CSE 2221: DL 357 4:10 - 5:05 and 29429 | CSE 2221: Baker Syst 4:10 - 5:05,39.24,70.59,2,2,2,2,2,2,2,2,2,2,2,1.5,2,2,2,2,2,2,2,2,2,2,0,10,9.25,8.5,9,10,10,10,9.75,10,9.5,10,100,93,90,4
12/21/2021,29428 | CSE 2221: DL 357 4:10 - 5:05 and 29429 | CSE 2221: Baker Syst 4:10 - 5:05,11.39,39.22,2,2,2,2,2,2,2,2,2,0,2,0,0,0,2,0,0,2,2,2,0,0,0,8,8,10,0,0,0,0,0,0,0,0,76.5,53,63,3
12/21/2021,29428 | CSE 2221: DL 357 4:10 - 5:05 and 29429 | CSE 2221: Baker Syst 4:10 - 5:05,41.77,72.55,2,2,2,2,2,2,2,2,2,2,2,2,2,2,2,2,2,2,2,2,2,0,0,10,7.5,8.5,7.75,10,9.5,9.75,7,9.75,8,7.5,91.5,85,79,4
12/21/2021,29428 | CSE 2221: DL 357 4:10 - 5:05 and 29429 | CSE 2221: Baker Syst 4:10 - 5:05,35.44,45.1,2,2,2,2,2,2,0,2,0,2,2,0,2,0,2,2,1.75,2,2,0,0,2,0,7,9,10,8.5,9.75,10,9.75,10,9.75,8.5,6,100,95,91,4
12/21/2021,29428 | CSE 2221: DL 357 4:10 - 5:05 and 29429 | CSE 2221: Baker Syst 4:10 - 5:05,54.43,54.9,2,2,2,2,2,2,2,2,2,2,2,2,2,2,2,2,2,2,2,2,2,2,0,10,10,10,9.5,10,8.5,9.5,5.5,8.5,10,9,76,78,73,4
12/21/2021,29428 | CSE 2221: DL 357 4:10 - 5:05 and 29429 | CSE 2221: Baker Syst 4:10 - 5:05,36.71,52.94,2,2,2,2,2,2,2,2,2,2,2,2,2,2,2,2,2,2,2,2,2,2,0,10,9.25,9.9,9.25,10,10,8.5,10,10,10,8.5,84,88,75,4
12/21/2021,29428 | CSE 2221: DL 357 4:10 - 5:05 and 29429 | CSE 2221: Baker Syst 4:10 - 5:05,20.25,50.98,2,2,0,2,0,2,0,0,0,0,0,0,0,0,0,0,0,0,0,0,0,0,0,8,8.5,6,3,7.75,0,0,0,0,0,0,81,75,0,3
12/21/2021,29428 | CSE 2221: DL 357 4:10 - 5:05 and 29429 | CSE 2221: Baker Syst 4:10 - 5:05,3.8,9.8,2,2,2,2,2,2,2,2,2,2,0,0,2,2,2,0,0,0,2,0,1,2,0,7,8.75,9.5,0,0,7.5,4.75,1.75,2.75,1,9.5,91,82,52,1
12/21/2021,29428 | CSE 2221: DL 357 4:10 - 5:05 and 29429 | CSE 2221: Baker Syst 4:10 - 5:05,40.51,94.12,2,2,2,2,2,2,2,2,2,2,2,2,2,2,2,2,2,2,2,2,2,2,0,10,10,10,10,9.75,10,10,10,10,12,10,96.5,93,85,4
12/21/2021,29428 | CSE 2221: DL 357 4:10 - 5:05 and 29429 | CSE 2221: Baker Syst 4:10 - 5:05,36.71,58.82,2,2,2,0,2,2,2,2,0,2,2,2,2,2,2,2,2,2,2,2,2,2,0,6,8,9,8.5,9.5,10,10,8,9.75,9,2,91,95,95,4
12/21/2021,29428 | CSE 2221: DL 357 4:10 - 5:05 and 29429 | CSE 2221: Baker Syst 4:10 - 5:05,5.06,17.65,2,2,2,2,2,2,2,2,2,2,1.8,1.75,2,0,2,0,1.75,2,2,2,0,2,0,8,7.5,10,7,9,10,8,2.25,5,7.5,7.5,82,68,73,1
12/21/2021,29428 | CSE 2221: DL 357 4:10 - 5:05 and 29429 | CSE 2221: Baker Syst 4:10 - 5:05,21.52,31.37,2,2,2,2,2,1.5,2,2,2,2,2,2,2,2,2,2,0,0,0,0,0,0,0,10,9.5,8,8.5,9.75,8,7.25,6,9.75,4,9.5,97.5,85,79,2
12/21/2021,29428 | CSE 2221: DL 357 4:10 - 5:05 and 29429 | CSE 2221: Baker Syst 4:10 - 5:05,31.65,54.9,2,2,2,2,2,2,2,0,2,2,2,2,2,2,2,2,2,2,2,2,2,2,0,10,8,9.5,6.75,9.75,7.5,7.75,0,10,8.5,9,86.5,84,59,4
12/21/2021,29428 | CSE 2221: DL 357 4:10 - 5:05 and 29429 | CSE 2221: Baker Syst 4:10 - 5:05,39.24,84.31,2,2,1.8,2,0,2,1,2,2,1.5,2,1.75,2,0,2,2,0,0,2,0,2,0,0,8,7.5,3,6,7,10,9,4.5,8,10.5,10,80,71,68,4
12/21/2021,29428 | CSE 2221: DL 357 4:10 - 5:05 and 29429 | CSE 2221: Baker Syst 4:10 - 5:05,35.44,70.59,2,2,2,2,2,2,0,2,2,2,2,2,2,1.75,0,2,2,2,2,2,2,2,0,8,8.5,10,9.5,9.75,10,10,7.75,9.5,7,8.5,96,96,92,4
12/21/2021,29428 | CSE 2221: DL 357 4:10 - 5:05 and 29429 | CSE 2221: Baker Syst 4:10 - 5:05,25.32,78.43,2,2,2,2,2,2,2,2,1.8,2,2,2,2,2,2,2,1,2,2,1.5,2,2,0,10,7.5,9.75,8.5,10,9.5,2.5,3,5.5,7,8.5,74,75,66,4
12/21/2021,29428 | CSE 2221: DL 357 4:10 - 5:05 and 29429 | CSE 2221: Baker Syst 4:10 - 5:05,40.51,15.69,2,2,2,2,2,2,2,2,0,2,0,0,0,0,0,0,0,0,0,0,0,0,0,10,10,10,9.5,9.25,10,10,6,7,8.5,7.75,93,93,80,4
12/21/2021,29428 | CSE 2221: DL 357 4:10 - 5:05 and 29429 | CSE 2221: Baker Syst 4:10 - 5:05,41.77,82.35,2,2,2,2,2,2,2,2,2,2,2,2,2,2,2,2,2,2,2,2,2,2,0,10,10,10,10,9.75,10,9,10,10,10,10,100,100,97,4
12/21/2021,29428 | CSE 2221: DL 357 4:10 - 5:05 and 29429 | CSE 2221: Baker Syst 4:10 - 5:05,17.72,23.53,2,1.5,2,2,0,2,2,2,0,2,0,1.75,2,0,2,2,0.5,0,2,2,0,2,0,10,8,8,7.25,8,9.5,9.5,5.5,10,9,10,75.5,53,61,3
12/21/2021,29428 | CSE 2221: DL 357 4:10 - 5:05 and 29429 | CSE 2221: Baker Syst 4:10 - 5:05,30.38,56.86,2,2,2,2,2,2,2,2,2,2,2,1.75,2,2,2,2,0,2,2,1.5,2,0,0,8,9.5,10,9.5,9.75,10,10,8.5,9.75,9,10,98,96,90,3
12/21/2021,29428 | CSE 2221: DL 357 4:10 - 5:05 and 29429 | CSE 2221: Baker Syst 4:10 - 5:05,16.46,19.61,2,2,2,2,2,0,0,0,0,0,0,0,0,0,0,0,0,0,0,0,0,0,0,10,8.75,10,8.25,6.25,9.5,6.75,0,0,0,0,68,46,53,1
12/21/2021,29428 | CSE 2221: DL 357 4:10 - 5:05 and 29429 | CSE 2221: Baker Syst 4:10 - 5:05,39.24,49.02,2,2,2,2,2,2,2,2,2,2,2,2,2,2,2,2,2,2,2,2,2,2,0,10,9.5,10,8.5,10,9.5,10,10,10,9,9,95,98,96,4
12/21/2021,29428 | CSE 2221: DL 357 4:10 - 5:05 and 29429 | CSE 2221: Baker Syst 4:10 - 5:05,32.91,31.37,2,2,2,2,2,2,2,2,2,1.5,2,1.75,2,2,2,2,2,2,2,2,2,2,0,10,10,10,10,9,10,10,10,10,11.5,10,88,89,82,4
12/21/2021,29428 | CSE 2221: DL 357 4:10 - 5:05 and 29429 | CSE 2221: Baker Syst 4:10 - 5:05,34.18,56.86,2,2,2,2,2,2,0,2,2,2,2,0,2,2,2,2,1.5,0,2,1.5,2,2,0,10,6.5,9.75,8,10,10,9.5,7.5,9.75,8,9.5,73,75,56,4
12/21/2021,29428 | CSE 2221: DL 357 4:10 - 5:05 and 29429 | CSE 2221: Baker Syst 4:10 - 5:05,32.91,68.63,0,0,0,0,0,0,2,0,0,0,0,0,0,0,0,0,0,0,0,0,0,0,0,6,6,0,0,0,3,0,0,0,0,0,53.5,64,23,2
12/21/2021,29428 | CSE 2221: DL 357 4:10 - 5:05 and 29429 | CSE 2221: Baker Syst 4:10 - 5:05,15.19,21.57,2,2,2,2,2,1.5,2,2,2,2,2,0,2,1.75,0,2,2,2,0,2,2,0,0,8,8.5,9.5,7.75,8.75,10,7,6.5,9.5,9,9.5,80.5,64,49,1
12/21/2021,29428 | CSE 2221: DL 357 4:10 - 5:05 and 29429 | CSE 2221: Baker Syst 4:10 - 5:05,6.33,9.8,2,2,2,2,0,0,0,0,0,2,2,1.5,0,0,0,2,0,0,0,0,0,0,0,8,8.5,8.5,10,10,10,10,9,10,0,0,91,80,42,2
12/21/2021,29428 | CSE 2221: DL 357 4:10 - 5:05 and 29429 | CSE 2221: Baker Syst 4:10 - 5:05,40.51,80.39,2,2,2,2,2,2,2,2,2,2,2,2,2,1.75,2,2,2,2,2,2,2,2,0,10,9,9.5,8.5,9.5,8.5,8.5,5.5,10,9,10,79,87,64,4
12/21/2021,29428 | CSE 2221: DL 357 4:10 - 5:05 and 29429 | CSE 2221: Baker Syst 4:10 - 5:05,22.78,33.33,2,2,2,2,2,2,2,2,2,2,2,2,2,0,2,2,2,1.5,2,2,0,0,0,10,10,10,9.75,9.25,10,9.5,10,8.5,10,4.5,94.5,87,75,3
12/21/2021,29428 | CSE 2221: DL 357 4:10 - 5:05 and 29429 | CSE 2221: Baker Syst 4:10 - 5:05,43.04,68.63,2,2,2,2,2,2,2,2,2,2,2,2,2,2,2,2,2,2,2,2,2,2,0,10,8.5,9,8,9.5,10,8.5,8.5,10,9.5,9.5,84,88,76,4
12/21/2021,29428 | CSE 2221: DL 357 4:10 - 5:05 and 29429 | CSE 2221: Baker Syst 4:10 - 5:05,17.72,11.76,2,2,2,1.5,2,2,2,1.5,2,0,1.75,0,0,0,0,2,0,2,0,2,0,0,0,7,9,0,9,9.5,8.5,7.75,3,8.5,9,6.5,59,61,47,3
12/21/2021,29428 | CSE 2221: DL 357 4:10 - 5:05 and 29429 | CSE 2221: Baker Syst 4:10 - 5:05,39.24,52.94,2,2,2,2,2,2,2,2,2,2,2,2,1,0,2,2,2,2,2,2,2,2,0,10,6.5,8,9,6,9.8,9,4,7,6,6.5,88,84,74,4
12/21/2021,29428 | CSE 2221: DL 357 4:10 - 5:05 and 29429 | CSE 2221: Baker Syst 4:10 - 5:05,15.19,39.22,2,2,0,1.5,2,1.5,0.5,0,1,2,0,1.5,0,0,1.5,0,0,0,0,0,0,0,0,7.5,9,8.5,6.75,7.25,10,9.75,1.5,9.5,7.75,8,51,38,35,2
12/21/2021,29428 | CSE 2221: DL 357 4:10 - 5:05 and 29429 | CSE 2221: Baker Syst 4:10 - 5:05,31.65,58.82,2,2,2,2,2,2,2,2,2,2,2,1.75,2,1.75,2,2,2,2,2,2,2,2,0,10,9.5,8,8.5,10,9.75,9,9.75,10,11,10,94,90,80,4
12/21/2021,29428 | CSE 2221: DL 357 4:10 - 5:05 and 29429 | CSE 2221: Baker Syst 4:10 - 5:05,40.51,90.2,2,2,2,2,2,2,2,2,2,2,2,2,2,2,2,2,2,2,2,2,2,2,0,10,9.5,10,8.25,9.5,10,10,10,10,12,10,86,80,74,4
12/21/2021,29428 | CSE 2221: DL 357 4:10 - 5:05 and 29429 | CSE 2221: Baker Syst 4:10 - 5:05,37.97,88.24,2,2,2,2,1,2,2,2,2,2,2,2,2,2,2,2,2,2,2,2,2,2,0,10,8.5,8,9,10,10,10,6.25,10,11,10,94,89,74,4
5/7/2020,11278 | CSE 2221: ML 129 12:40 - 1:35 and 11279 | CSE 2221: CL 112A 12:40 - 1:35,64.21,43.48,2,2,2,1,2,2,2,2,2,2,2,2,2,2,2,2,2,2,2,2,2,0,0,10,9.5,9.25,8.5,8.5,10,9,5,7,8,9,84,,,
5/7/2020,11278 | CSE 2221: ML 129 12:40 - 1:35 and 11279 | CSE 2221: CL 112A 12:40 - 1:35,66.32,78.26,2,2,2,1,2,2,2,2,2,2,2,2,2,2,2,2,2,2,2,2,2,0,0,0,8,9.25,6.5,6,8.5,9.5,8,6,9.5,8,85,,,
5/7/2020,11278 | CSE 2221: ML 129 12:40 - 1:35 and 11279 | CSE 2221: CL 112A 12:40 - 1:35,78.95,67.39,2,2,2,2,2,2,2,2,2,2,2,2,2,2,2,2,2,2,2,2,2,2,0,10,10,9.5,8.5,9.5,10,10,10,10,9.5,10,84,,,
5/7/2020,11278 | CSE 2221: ML 129 12:40 - 1:35 and 11279 | CSE 2221: CL 112A 12:40 - 1:35,28.42,32.61,2,2,2,2,2,2,2,2,2,2,2,2,0,2,2,2,2,2,2,2,0,2,0,10,9,8.5,7.5,8.5,10,9,7,8,6,10,81,,,
5/7/2020,11278 | CSE 2221: ML 129 12:40 - 1:35 and 11279 | CSE 2221: CL 112A 12:40 - 1:35,57.89,69.57,2,2,2,2,2,2,2,2,2,2,2,2,1.5,2,2,2,2,2,2,2,2,2,0,10,10,9.5,8.5,9.5,9.5,9.5,9,8,8.5,10,86,,,
5/7/2020,11278 | CSE 2221: ML 129 12:40 - 1:35 and 11279 | CSE 2221: CL 112A 12:40 - 1:35,71.58,82.61,2,2,2,1.5,2,2,2,2,2,2,2,2,2,2,2,2,2,2,1.5,2,2,2,0,10,9,9.5,6,7,9.5,9,9,10,8,10,83,,,
5/7/2020,11278 | CSE 2221: ML 129 12:40 - 1:35 and 11279 | CSE 2221: CL 112A 12:40 - 1:35,32.63,60.87,2,2,2,2,2,2,2,2,2,2,2,2,1.8,2,2,2,2,2,2,2,2,2,0,10,7.5,9.5,6.5,7,8.5,9,6,8.5,7.5,9.5,79,,,
5/7/2020,11278 | CSE 2221: ML 129 12:40 - 1:35 and 11279 | CSE 2221: CL 112A 12:40 - 1:35,60,69.57,2,2,1.8,2,2,2,2,2,2,2,1,2,2,2,2,2,2,2,2,2,2,2,0,6,10,6,6,9,7.5,8.5,8,9.5,7.5,10,88,,,
5/7/2020,11278 | CSE 2221: ML 129 12:40 - 1:35 and 11279 | CSE 2221: CL 112A 12:40 - 1:35,71.58,71.74,2,2,1.5,2,2,2,2,2,2,2,2,2,2,2,2,2,2,2,2,2,2,2,0,10,8.5,9,8.5,9,10,10,10,10,12,9.5,90,,,
5/7/2020,11278 | CSE 2221: ML 129 12:40 - 1:35 and 11279 | CSE 2221: CL 112A 12:40 - 1:35,80,86.96,2,2,2,2,2,2,2,2,2,2,2,2,2,2,2,2,2,2,2,2,2,2,0,10,9,10,8.5,9.5,9,9,10,10,12,10,98,,,
5/7/2020,11278 | CSE 2221: ML 129 12:40 - 1:35 and 11279 | CSE 2221: CL 112A 12:40 - 1:35,64.21,63.04,2,2,2,2,2,2,2,2,2,2,2,2,2,2,2,2,2,2,2,2,2,2,0,10,9,8,7,8,9.5,9,8,9.5,8,10,96,,,
5/7/2020,11278 | CSE 2221: ML 129 12:40 - 1:35 and 11279 | CSE 2221: CL 112A 12:40 - 1:35,5.26,19.57,0,2,0,0,0,2,2,0,1.7,0,0,0,1,0,0,2,1.5,0,0,2,0,0,0,10,0,0,8.5,9.5,1,2,3,2,7,8.5,68,,,
5/7/2020,11278 | CSE 2221: ML 129 12:40 - 1:35 and 11279 | CSE 2221: CL 112A 12:40 - 1:35,73.68,82.61,2,2,2,2,2,2,2,2,2,2,2,2,2,2,2,2,2,2,1.8,2,2,2,0,10,9.5,9,9,9.5,9.5,10,9,9.5,10,10,93,,,
5/7/2020,11278 | CSE 2221: ML 129 12:40 - 1:35 and 11279 | CSE 2221: CL 112A 12:40 - 1:35,56.84,65.22,2,2,2,2,2,2,2,2,2,2,2,2,2,2,2,2,2,2,2,2,2,0,0,10,8,9,8,10,9.5,9,8,9,8,10,96,,,
5/7/2020,11278 | CSE 2221: ML 129 12:40 - 1:35 and 11279 | CSE 2221: CL 112A 12:40 - 1:35,66.32,71.74,2,2,1.9,2,1.5,2,2,2,2,2,2,2,2,2,2,2,1,2,2,2,2,2,0,10,7.5,7,7,5,9.5,9.5,3,9.5,8,10,89,,,
5/7/2020,11278 | CSE 2221: ML 129 12:40 - 1:35 and 11279 | CSE 2221: CL 112A 12:40 - 1:35,76.84,100,2,2,2,2,2,2,2,2,2,2,2,2,2,2,2,2,2,2,2,2,2,2,0,10,8,9.5,7.5,9.5,10,10,9.5,10,8,10,58,,,
5/7/2020,11278 | CSE 2221: ML 129 12:40 - 1:35 and 11279 | CSE 2221: CL 112A 12:40 - 1:35,60,69.57,2,2,2,2,1.5,2,2,2,2,2,2,2,2,2,2,2,1.5,2,2,2,2,0,0,10,9,2,7.5,8,9.5,9,6,5,6.5,0,76,,,
5/7/2020,11278 | CSE 2221: ML 129 12:40 - 1:35 and 11279 | CSE 2221: CL 112A 12:40 - 1:35,69.47,91.3,2,2,2,2,2,2,2,2,2,2,2,2,2,2,2,2,2,2,2,2,2,2,0,10,8.5,9,7.5,10,10,10,10,10,9,10,84,,,
5/7/2020,11278 | CSE 2221: ML 129 12:40 - 1:35 and 11279 | CSE 2221: CL 112A 12:40 - 1:35,53.68,82.61,2,2,2,2,2,2,2,2,2,2,2,2,2,2,2,2,2,2,2,2,2,2,0,10,8,9,5.5,4,5,9,5,8,10,10,91,,,
5/7/2020,11278 | CSE 2221: ML 129 12:40 - 1:35 and 11279 | CSE 2221: CL 112A 12:40 - 1:35,66.32,71.74,2,2,2,2,1.75,2,2,2,2,2,2,2,2,2,2,2,2,2,2,2,2,0,0,10,6,6,6.5,6.5,9.5,9,6,8.5,10,10,81,,,
5/7/2020,11278 | CSE 2221: ML 129 12:40 - 1:35 and 11279 | CSE 2221: CL 112A 12:40 - 1:35,73.68,91.3,2,2,2,2,2,0,2,2,2,2,2,2,2,0,2,0,2,2,2,2,0,0,0,10,10,9.5,6,7.5,4,5,6,6,6,0,84,,,
5/7/2020,11278 | CSE 2221: ML 129 12:40 - 1:35 and 11279 | CSE 2221: CL 112A 12:40 - 1:35,56.84,54.35,2,2,2,2,1.75,2,2,2,2,2,2,2,2,2,2,2,2,2,2,2,2,0,0,9,8.5,9.75,2,4,10,10,5,7.5,11.5,10,82,,,
5/7/2020,11278 | CSE 2221: ML 129 12:40 - 1:35 and 11279 | CSE 2221: CL 112A 12:40 - 1:35,68.42,60.87,2,2,2,2,2,2,2,2,0,2,2,2,2,2,2,2,2,2,2,2,2,0,0,10,9,7,8,10,9,9,8,10,9,9,84,,,
5/7/2020,11278 | CSE 2221: ML 129 12:40 - 1:35 and 11279 | CSE 2221: CL 112A 12:40 - 1:35,70.53,76.09,2,2,2,2,2,2,2,2,2,2,2,2,2,2,2,2,2,2,2,2,2,2,0,8,9,7.5,4,6,9,9.5,8,9,8.5,9.5,98,,,
5/7/2020,11278 | CSE 2221: ML 129 12:40 - 1:35 and 11279 | CSE 2221: CL 112A 12:40 - 1:35,58.95,39.13,2,2,1.9,2,2,2,2,2,2,2,0,2,2,2,2,2,2,2,2,2,2,2,0,10,9,0,8,8,10,8.5,8.5,10,11.5,10,83,,,
5/7/2020,11278 | CSE 2221: ML 129 12:40 - 1:35 and 11279 | CSE 2221: CL 112A 12:40 - 1:35,70.53,78.26,2,2,2,2,1.5,2,2,2,1.7,2,2,0,2,2,2,2,2,2,2,2,2,2,0,10,9,9.5,8.5,7.5,1,10,9,10,10,10,87,,,
5/7/2020,11278 | CSE 2221: ML 129 12:40 - 1:35 and 11279 | CSE 2221: CL 112A 12:40 - 1:35,62.11,80.43,2,2,2,2,2,2,2,2,2,2,2,2,1.5,2,2,2,2,2,2,2,2,2,0,9,8,7,6.5,7.5,10,10,3,10,7,10,82,,,
5/7/2020,11278 | CSE 2221: ML 129 12:40 - 1:35 and 11279 | CSE 2221: CL 112A 12:40 - 1:35,65.26,82.61,2,2,2,2,2,2,2,2,2,2,2,2,2,2,2,2,2,2,2,2,2,2,0,10,10,10,9,9,10,9,9.5,9.5,9,10,94,,,
5/7/2020,11278 | CSE 2221: ML 129 12:40 - 1:35 and 11279 | CSE 2221: CL 112A 12:40 - 1:35,68.42,71.74,2,2,2,2,2,2,2,2,2,2,2,2,2,2,2,2,2,2,2,2,2,2,0,10,10,10,10,10,10,10,10,10,10,10,100,,,
5/7/2020,11278 | CSE 2221: ML 129 12:40 - 1:35 and 11279 | CSE 2221: CL 112A 12:40 - 1:35,40,58.7,2,2,2,2,1,2,0,1.5,2,2,0,0,0,0,0,0,0,0,0,0,0,0,0,10,7.5,6.5,7.5,8,6,9.5,0,0,0,0,81,,,
5/7/2020,11278 | CSE 2221: ML 129 12:40 - 1:35 and 11279 | CSE 2221: CL 112A 12:40 - 1:35,52.63,56.52,2,2,2,2,2,2,2,2,2,2,2,2,2,2,2,2,2,2,2,2,2,2,0,10,9,10,6.5,8,10,9,10,9,8,10,92,,,
5/7/2020,11278 | CSE 2221: ML 129 12:40 - 1:35 and 11279 | CSE 2221: CL 112A 12:40 - 1:35,75.79,89.13,2,2,2,2,2,2,2,2,2,2,2,2,2,2,2,2,2,2,2,2,2,2,0,10,10,10,7.5,8.5,9.5,9,5,8.5,7,9,88,,,
5/7/2020,11278 | CSE 2221: ML 129 12:40 - 1:35 and 11279 | CSE 2221: CL 112A 12:40 - 1:35,31.58,60.87,2,2,2,2,2,2,2,2,2,2,2,2,2,2,2,2,2,2,2,2,2,2,0,10,8.5,6,5,3,9.5,7,5,5,6,4.5,88,,,
5/7/2020,11278 | CSE 2221: ML 129 12:40 - 1:35 and 11279 | CSE 2221: CL 112A 12:40 - 1:35,57.89,71.74,2,2,2,2,2,2,2,2,2,2,2,2,2,2,2,2,2,2,2,2,2,2,0,9.5,9,9.5,7,9,9,9,8,10,9,10,88,,,
5/7/2020,11278 | CSE 2221: ML 129 12:40 - 1:35 and 11279 | CSE 2221: CL 112A 12:40 - 1:35,45.26,50,2,2,2,2,2,2,2,2,2,2,1,2,1.8,2,2,2,2,2,1.8,2,1.7,2,0,10,9.5,8.5,8,8,9,10,6,8,7,9.5,50,,,
5/7/2020,11278 | CSE 2221: ML 129 12:40 - 1:35 and 11279 | CSE 2221: CL 112A 12:40 - 1:35,36.84,69.57,2,2,2,2,1,2,2,2,2,2,2,2,1.5,2,2,2,2,2,2,2,2,2,0,10,8.5,7,7.5,8.5,10,8,9.5,9,9,10,67,,,
5/7/2020,11278 | CSE 2221: ML 129 12:40 - 1:35 and 11279 | CSE 2221: CL 112A 12:40 - 1:35,61.05,71.74,2,2,0,2,1,0,1.5,2,2,2,2,2,0,0,2,2,2,2,2,0,2,2,0,10,10,9.5,7,8,10,10,8,9,9,9,83,,,
5/7/2020,11278 | CSE 2221: ML 129 12:40 - 1:35 and 11279 | CSE 2221: CL 112A 12:40 - 1:35,53.68,86.96,2,2,1.6,2,2,2,1,0,2,2,2,2,0,2,2,2,1.5,2,2,2,2,2,0,10,8,0,0,0,10,10,8,9,0,0,66,,,
5/7/2020,11278 | CSE 2221: ML 129 12:40 - 1:35 and 11279 | CSE 2221: CL 112A 12:40 - 1:35,37.89,52.17,2,2,2,2,2,2,2,1,2,2,2,2,2,2,2,2,1.5,2,2,2,2,2,0,9,7,8.5,9.5,9.5,10,9.5,7,8,8,7.5,82,,,
5/7/2020,11278 | CSE 2221: ML 129 12:40 - 1:35 and 11279 | CSE 2221: CL 112A 12:40 - 1:35,68.42,47.83,2,2,2,2,2,2,2,2,2,2,0,2,2,2,2,2,2,2,1,2,2,0,0,10,10,9.5,7,9,6,8,9,9.5,8.5,10,96,,,
12/21/2019,35160 | CSE 2221: CM 213 4:10 - 5:05 and 35161 | CSE 2221: PO 155 4:10 - 5:05,58.42,85.71,2,2,2,2,2,2,2,2,2,2,2,2,2,0,2,2,0,2,2,2,2,2,0,10,9,10,9,10,9,8,8,9,9,9,98,91,98,4
12/21/2019,35160 | CSE 2221: CM 213 4:10 - 5:05 and 35161 | CSE 2221: PO 155 4:10 - 5:05,61.39,93.88,2,2,2,2,2,2,2,2,2,2,2,2,2,2,2,2,0,2,2,2,2,2,0,10,8,8,9,9,10,9,10,10,12,9,81,91,97,4
12/21/2019,35160 | CSE 2221: CM 213 4:10 - 5:05 and 35161 | CSE 2221: PO 155 4:10 - 5:05,28.71,48.98,2,2,2,2,2,2,2,0,2,2,1,2,1,2,0,2,2,2,2,2,2,0,0,10,9,8,7,8,10,9,9,8,8,8,92,79,65,2
12/21/2019,35160 | CSE 2221: CM 213 4:10 - 5:05 and 35161 | CSE 2221: PO 155 4:10 - 5:05,46.53,83.67,2,2,2,1,2,2,2,2,2,2,2,2,2,2,2,2,2,2,2,2,2,2,0,8,9,10,8,10,8,9,9,10,10,9,81,68,62,4
12/21/2019,35160 | CSE 2221: CM 213 4:10 - 5:05 and 35161 | CSE 2221: PO 155 4:10 - 5:05,57.43,73.47,2,2,2,2,2,0,2,0,2,2,2,2,2,0,0,2,2,0,0,0,2,2,0,7,9,9,8,9,9,8,7,7,9,5,87,84,94,4
12/21/2019,35160 | CSE 2221: CM 213 4:10 - 5:05 and 35161 | CSE 2221: PO 155 4:10 - 5:05,33.66,28.57,2,2,2,2,2,2,2,2,2,2,2,2,2,2,2,2,2,2,2,2,0,2,0,10,8,8,7,9,8,10,8,7,10,10,62,82,83,3
12/21/2019,35160 | CSE 2221: CM 213 4:10 - 5:05 and 35161 | CSE 2221: PO 155 4:10 - 5:05,47.52,79.59,2,2,2,2,2,2,2,2,2,2,2,1,2,2,2,2,0,2,2,0,2,2,0,10,2,8,5,9,2,9,8,8,11,9,77,78,82,3
12/21/2019,35160 | CSE 2221: CM 213 4:10 - 5:05 and 35161 | CSE 2221: PO 155 4:10 - 5:05,58.42,83.67,2,2,0,1,1,2,2,2,2,2,2,0,1,2,0,2,2,2,2,2,2,0,0,10,1,6,5,8,10,6,7,8,10,9,69,75,78,4
12/21/2019,35160 | CSE 2221: CM 213 4:10 - 5:05 and 35161 | CSE 2221: PO 155 4:10 - 5:05,67.33,79.59,2,2,2,2,2,2,2,2,2,2,2,2,2,2,2,2,2,2,2,2,0,0,0,10,7,7,7,7,10,10,8,9,9,8,95,92,85,4
12/21/2019,35160 | CSE 2221: CM 213 4:10 - 5:05 and 35161 | CSE 2221: PO 155 4:10 - 5:05,63.37,83.67,2,2,0,2,2,2,2,2,2,2,2,2,2,2,2,2,2,2,2,2,2,2,0,10,10,7,5,9,8,8,8,9,9,10,74,85,83,4
12/21/2019,35160 | CSE 2221: CM 213 4:10 - 5:05 and 35161 | CSE 2221: PO 155 4:10 - 5:05,63.37,91.84,2,2,2,2,2,2,2,2,2,1,2,2,2,2,2,2,2,2,2,2,2,2,0,10,9,9,7,10,8,9,9,9,9,8,95,95,79,4
12/21/2019,35160 | CSE 2221: CM 213 4:10 - 5:05 and 35161 | CSE 2221: PO 155 4:10 - 5:05,42.57,71.43,2,2,2,2,2,2,2,2,2,2,2,2,2,2,2,2,2,2,2,2,2,0,0,10,10,10,10,10,9,9,9,9,9,9,92,99,87,4
12/21/2019,35160 | CSE 2221: CM 213 4:10 - 5:05 and 35161 | CSE 2221: PO 155 4:10 - 5:05,53.47,93.88,2,1,2,2,2,2,2,1,2,2,1,2,1,2,2,2,2,2,2,2,2,2,0,10,7,5,6,5,8,9,4,6,11,8,45,78,76,4
12/21/2019,35160 | CSE 2221: CM 213 4:10 - 5:05 and 35161 | CSE 2221: PO 155 4:10 - 5:05,32.67,26.53,2,2,2,2,2,2,2,2,2,2,2,1,2,2,2,2,2,2,2,2,2,2,0,10,8,9,7,9,8,10,8,8,10,9,65,79,80,3
12/21/2019,35160 | CSE 2221: CM 213 4:10 - 5:05 and 35161 | CSE 2221: PO 155 4:10 - 5:05,55.45,59.18,2,2,2,1,2,2,2,2,1,2,2,2,1,0,2,2,2,2,2,2,0,0,0,8,9,9,6,9,9,9,8,6,3,5,84,75,78,3
12/21/2019,35160 | CSE 2221: CM 213 4:10 - 5:05 and 35161 | CSE 2221: PO 155 4:10 - 5:05,0,2.04,0,0,0,0,0,0,0,0,0,0,0,0,0,0,0,0,0,0,0,0,0,0,0,0,0,0,0,0,0,0,0,0,0,0,40,0,0,0
12/21/2019,35160 | CSE 2221: CM 213 4:10 - 5:05 and 35161 | CSE 2221: PO 155 4:10 - 5:05,7.92,20.41,2,2,0,2,0,0,0,1,0,2,0,0,0,0,0,0,0,0,0,0,0,0,0,10,0,7,7,0,0,0,0,0,0,0,97,60,0,1
12/21/2019,35160 | CSE 2221: CM 213 4:10 - 5:05 and 35161 | CSE 2221: PO 155 4:10 - 5:05,24.75,40.82,0,1,0,1,0,2,2,2,2,2,0,0,0,0,0,0,0,0,0,0,0,0,0,10,8,7,7,8,10,0,0,0,0,0,49,0,0,2
12/21/2019,35160 | CSE 2221: CM 213 4:10 - 5:05 and 35161 | CSE 2221: PO 155 4:10 - 5:05,45.54,55.1,2,0,0,0,0,0,0,0,0,1,0,0,0,0,0,0,0,0,0,0,0,0,0,10,8,8,0,0,0,0,0,0,0,0,67,49,0,4
12/21/2019,35160 | CSE 2221: CM 213 4:10 - 5:05 and 35161 | CSE 2221: PO 155 4:10 - 5:05,23.76,40.82,2,2,2,2,2,2,2,2,1,2,2,2,2,2,2,2,2,2,2,2,2,2,0,10,8,9,5,4,10,9,8,6,10,8,83,65,84,3
12/21/2019,35160 | CSE 2221: CM 213 4:10 - 5:05 and 35161 | CSE 2221: PO 155 4:10 - 5:05,68.32,79.59,2,2,2,2,2,2,2,2,2,2,2,1,2,2,2,2,2,2,2,2,2,2,0,9,9,10,8,8,6,9,8,9,8,9,87,90,90,4
12/21/2019,35160 | CSE 2221: CM 213 4:10 - 5:05 and 35161 | CSE 2221: PO 155 4:10 - 5:05,54.46,83.67,2,2,2,2,2,2,2,2,2,2,2,2,2,2,2,2,2,2,2,2,2,2,0,9,8,6,7,9,9,8,8,6,11,8,84,79,80,4
12/21/2019,35160 | CSE 2221: CM 213 4:10 - 5:05 and 35161 | CSE 2221: PO 155 4:10 - 5:05,43.56,79.59,2,2,2,2,2,2,2,2,2,2,1,0,0,0,2,2,2,0,1,0,2,0,0,9,9,7,7,10,8,9,7,7,10,9,77,55,80,4
12/21/2019,35160 | CSE 2221: CM 213 4:10 - 5:05 and 35161 | CSE 2221: PO 155 4:10 - 5:05,62.38,83.67,2,2,1,1,2,2,2,2,1,0,2,2,2,2,2,2,2,2,2,1,2,2,0,10,7,8,7,8,10,9,8,9,9,8,52,81,75,4
12/21/2019,35160 | CSE 2221: CM 213 4:10 - 5:05 and 35161 | CSE 2221: PO 155 4:10 - 5:05,29.7,32.65,2,2,1,2,0,2,0,1,2,2,1,2,2,2,0,2,2,2,2,2,2,2,0,10,8,9,8,8,8,8,9,9,12,8,92,87,78,3
12/21/2019,35160 | CSE 2221: CM 213 4:10 - 5:05 and 35161 | CSE 2221: PO 155 4:10 - 5:05,57.43,91.84,2,2,2,2,2,2,2,2,2,2,2,2,2,2,2,2,2,2,2,2,2,2,0,10,8,8,8,8,9,9,3,7,10,7,67,77,76,4
12/21/2019,35160 | CSE 2221: CM 213 4:10 - 5:05 and 35161 | CSE 2221: PO 155 4:10 - 5:05,27.72,57.14,0,2,2,2,1,0,2,2,0,2,0,1,2,2,0,2,0,0,2,0,2,0,0,8,9,10,8,10,10,10,9,5,0,10,86,88,79,2
12/21/2019,35160 | CSE 2221: CM 213 4:10 - 5:05 and 35161 | CSE 2221: PO 155 4:10 - 5:05,14.85,28.57,2,2,2,0,2,2,0,2,2,2,0,2,0,0,2,2,2,2,2,2,2,2,0,10,10,10,7,5,10,3,8,9,10,10,65,70,67,3
12/21/2019,35160 | CSE 2221: CM 213 4:10 - 5:05 and 35161 | CSE 2221: PO 155 4:10 - 5:05,59.41,89.8,2,2,1,2,0,2,2,2,2,2,2,1,2,2,2,2,2,0,2,2,2,2,0,10,8,7,5,8,8,9,8,7,10,9,90,73,85,4
12/21/2019,35160 | CSE 2221: CM 213 4:10 - 5:05 and 35161 | CSE 2221: PO 155 4:10 - 5:05,49.5,95.92,2,2,2,2,2,2,2,2,2,2,2,2,2,2,2,2,2,2,2,2,2,2,0,10,8,8,7,8,9,10,8,7,9,9,92,70,82,4
12/21/2019,35160 | CSE 2221: CM 213 4:10 - 5:05 and 35161 | CSE 2221: PO 155 4:10 - 5:05,57.43,87.76,2,2,2,2,2,2,2,2,2,2,2,2,2,2,2,2,2,2,2,2,2,2,0,10,8,7,8,8,9,8,9,7,9,9,68,80,82,4
12/21/2019,35160 | CSE 2221: CM 213 4:10 - 5:05 and 35161 | CSE 2221: PO 155 4:10 - 5:05,9.9,14.29,0,0,1,0,0,2,0,0,0,0,0,0,0,0,0,0,0,0,0,0,0,0,0,0,0,0,0,0,0,0,0,0,0,0,0,0,0,0
12/21/2019,35160 | CSE 2221: CM 213 4:10 - 5:05 and 35161 | CSE 2221: PO 155 4:10 - 5:05,61.39,97.96,2,2,2,2,2,2,2,2,2,2,1,2,2,2,2,2,2,2,2,2,2,2,0,10,8,9,7,10,10,9,9,10,11,8,81,88,83,4
12/21/2019,35160 | CSE 2221: CM 213 4:10 - 5:05 and 35161 | CSE 2221: PO 155 4:10 - 5:05,42.57,67.35,2,2,1,2,1,2,1,1,0,1,0,2,0,2,0,2,0,0,2,0,2,0,0,8,7,0,6,9,10,10,8,7,10,8,77,84,82,3
12/21/2019,35160 | CSE 2221: CM 213 4:10 - 5:05 and 35161 | CSE 2221: PO 155 4:10 - 5:05,24.75,87.76,2,2,2,2,2,1,2,2,2,2,2,1,2,2,2,2,2,2,2,2,2,2,0,10,8,7,8,9,7,7,8,5,0,0,77,85,67,4
12/21/2019,35160 | CSE 2221: CM 213 4:10 - 5:05 and 35161 | CSE 2221: PO 155 4:10 - 5:05,55.45,95.92,2,2,2,2,2,2,2,2,1,2,2,2,2,2,2,2,2,2,2,2,2,2,0,10,8,10,10,10,10,9,10,8,12,10,89,95,85,4
12/21/2019,35160 | CSE 2221: CM 213 4:10 - 5:05 and 35161 | CSE 2221: PO 155 4:10 - 5:05,54.46,95.92,2,2,2,2,0,2,1,2,2,2,2,2,2,2,2,2,2,2,2,2,2,2,0,10,8,8,7,9,10,9,10,9,12,8,48,82,90,4
8/15/2019,4457 | CSE 2221: DL 357 10:15 - 11:15,,,2,2,2,2,2,2,2,2,2,2,2,2,2,2,2,0,2,2,2,2,2,2,0,9,10,9,8,10,10,10,6,10,12,10,86,80,76,4
8/15/2019,4457 | CSE 2221: DL 357 10:15 - 11:15,,,0,2,2,2,0,0,0,0,0,2,0,0,0,0,0,0,0,0,0,0,0,0,0,10,9,7,9,4,9,0,0,0,0,0,83,72,54,
8/15/2019,4457 | CSE 2221: DL 357 10:15 - 11:15,,,2,2,2,2,2,2,2,2,2,2,2,2,2,2,2,2,2,2,2,2,2,2,0,10,9,8,9,9,10,9,7,10,10,10,92,74,68,4
8/15/2019,4457 | CSE 2221: DL 357 10:15 - 11:15,,,2,2,2,2,2,2,2,2,2,2,2,2,2,2,2,2,2,2,2,2,2,2,0,10,10,10,7,8,10,10,9,10,11,10,68,91,79,4
8/15/2019,4457 | CSE 2221: DL 357 10:15 - 11:15,,,2,2,0,2,0,2,0,0,2,2,2,2,2,2,2,2,2,2,2,2,0,0,0,10,7,9,8,8,10,7,5,7,6,6,81,80,70,3
8/15/2019,4457 | CSE 2221: DL 357 10:15 - 11:15,,,2,2,2,2,2,2,2,2,2,2,2,2,2,2,2,2,2,2,2,2,2,2,0,10,9,9,6,9,10,10,8,10,12,10,77,76,79,4
8/15/2019,4457 | CSE 2221: DL 357 10:15 - 11:15,,,2,2,2,2,2,2,2,2,2,2,2,2,0,2,2,0,2,0,2,2,0,0,0,10,10,8,0,9,10,9,10,10,0,0,66,30,,
8/15/2019,4457 | CSE 2221: DL 357 10:15 - 11:15,,,2,2,2,2,2,2,2,2,2,0,2,2,2,2,2,2,2,2,2,2,2,2,0,10,10,7,9,8,9,5,5,5,10,9,90,77,50,4
8/15/2019,4457 | CSE 2221: DL 357 10:15 - 11:15,,,2,2,2,2,2,2,2,2,2,2,2,2,2,2,2,2,2,2,2,2,2,2,0,9,8,9,10,9,10,7,10,9,12,10,90,86,96,4
8/15/2019,4457 | CSE 2221: DL 357 10:15 - 11:15,,,2,2,2,2,2,2,2,2,2,2,0,2,2,0,2,0,0,0,2,2,0,2,0,10,9,9,8,7,6,9,0,0,7,0,61,71,64,4
8/15/2019,4457 | CSE 2221: DL 357 10:15 - 11:15,,,2,2,2,2,2,2,2,2,2,2,2,2,2,2,2,0,0,2,2,2,2,0,0,10,7,10,10,10,10,10,6,10,8,10,78,85,75,3
8/15/2019,4457 | CSE 2221: DL 357 10:15 - 11:15,,,2,2,2,2,2,2,2,2,2,0,2,0,0,2,2,2,2,2,2,0,0,2,0,9,9,9,0,5,10,6,0,6,0,0,60,81,61,3
8/15/2019,4457 | CSE 2221: DL 357 10:15 - 11:15,,,2,2,2,2,2,2,2,2,2,2,2,2,2,2,2,2,2,2,2,2,2,2,0,9,7,9,9,9,10,10,10,10,12,10,78,87,78,4
8/15/2019,4457 | CSE 2221: DL 357 10:15 - 11:15,,,0,2,0,2,2,2,2,2,2,2,2,2,0,2,2,2,0,2,2,0,2,0,0,10,8,8,9,10,10,10,9,8,10,10,96,90,63,3
8/15/2019,4457 | CSE 2221: DL 357 10:15 - 11:15,,,2,2,2,2,0,2,2,2,0,2,2,0,2,2,2,2,2,2,0,2,2,0,0,10,6,9,8,9,10,10,6,10,7,9,84,89,96,4
8/15/2019,4457 | CSE 2221: DL 357 10:15 - 11:15,,,2,2,2,2,2,2,2,2,2,2,2,2,2,2,2,2,2,2,2,2,2,2,0,10,0,8,9,10,10,10,8,9,9,10,74,76,68,3
8/15/2019,4457 | CSE 2221: DL 357 10:15 - 11:15,,,2,2,0,2,2,2,2,2,2,2,2,2,0,2,2,2,2,2,2,2,2,2,0,10,9,7,10,10,10,10,9,10,10,10,99,91,89,4
8/15/2019,4457 | CSE 2221: DL 357 10:15 - 11:15,,,2,2,2,2,2,2,2,2,2,2,2,2,2,2,2,2,2,2,2,2,2,2,0,9,9,10,10,10,10,9,10,10,12,10,90,95,93,4
8/15/2019,4457 | CSE 2221: DL 357 10:15 - 11:15,,,2,2,2,2,2,2,2,2,2,2,2,2,2,2,2,2,2,2,2,2,2,2,0,10,9,9,9,10,10,10,5,8,10,10,62,73,74,4
8/15/2019,4457 | CSE 2221: DL 357 10:15 - 11:15,,,2,2,2,2,2,2,2,2,2,2,2,2,2,2,0,2,2,2,2,2,2,0,0,10,10,9,10,10,10,10,4,10,12,10,73,82,66,4
8/15/2019,4457 | CSE 2221: DL 357 10:15 - 11:15,,,2,2,2,2,2,2,2,2,2,0,2,2,2,2,2,2,2,2,2,2,2,2,0,10,10,10,10,10,10,7,7,10,10,10,93,87,79,4
8/15/2019,4457 | CSE 2221: DL 357 10:15 - 11:15,,,2,2,2,2,2,2,2,2,2,2,2,2,2,2,2,2,2,2,2,2,2,2,0,10,8,0,9,6,10,10,7,10,10,10,55,79,78,4
8/15/2019,4457 | CSE 2221: DL 357 10:15 - 11:15,,,2,2,2,2,2,2,2,2,2,2,2,2,2,2,2,2,2,2,2,2,2,2,0,10,10,10,10,8,10,10,10,10,12,10,72,84,79,4
8/15/2019,4457 | CSE 2221: DL 357 10:15 - 11:15,,,2,2,2,2,2,2,2,2,2,2,2,2,2,2,2,2,2,2,2,2,2,2,0,10,10,10,9,10,10,10,10,10,12,10,89,74,77,4
8/15/2019,4457 | CSE 2221: DL 357 10:15 - 11:15,,,2,2,2,2,0,2,2,2,2,2,2,2,2,2,2,0,0,2,2,2,2,2,0,10,7,6,7,9,9,10,8,7,10,9,70,70,43,3
8/15/2019,4457 | CSE 2221: DL 357 10:15 - 11:15,,,2,2,2,2,2,2,2,2,2,2,2,2,2,0,2,2,2,2,2,2,2,0,0,10,9,9,0,9,10,10,7,9,10,10,88,91,77,4
8/15/2019,4457 | CSE 2221: DL 357 10:15 - 11:15,,,2,2,2,2,2,2,2,2,2,2,2,2,2,2,2,2,2,2,2,2,2,2,0,10,10,9,9,9,10,9,8,10,10,10,66,64,46,4
8/15/2019,4457 | CSE 2221: DL 357 10:15 - 11:15,,,2,0,2,0,0,0,2,0,2,2,2,0,0,2,2,2,2,0,0,2,2,0,0,10,10,10,9,8,10,10,10,10,10,10,81,92,88,4
8/15/2019,4457 | CSE 2221: DL 357 10:15 - 11:15,,,2,2,0,0,2,2,2,0,0,0,0,2,0,0,2,2,2,0,0,0,2,2,0,7,9,10,9,7,10,0,7,10,10,10,63,45,50,3
8/15/2019,4457 | CSE 2221: DL 357 10:15 - 11:15,,,2,2,2,2,2,2,2,2,2,2,2,2,2,2,2,2,2,2,2,2,2,2,0,10,10,9,9,10,10,10,10,10,12,10,82,89,88,4
8/15/2019,4457 | CSE 2221: DL 357 10:15 - 11:15,,,2,2,2,2,2,2,2,2,2,2,2,2,2,2,2,2,2,2,2,2,2,2,0,8,7,10,10,10,9,10,9,10,12,10,84,91,82,3
8/15/2019,4457 | CSE 2221: DL 357 10:15 - 11:15,,,2,2,2,2,2,2,2,2,2,2,2,2,2,2,2,2,2,2,2,2,2,2,0,10,10,10,10,10,10,9,10,10,12,9,87,92,86,3
8/15/2019,4457 | CSE 2221: DL 357 10:15 - 11:15,,,2,2,2,2,2,2,2,2,2,2,2,2,2,2,2,2,2,2,2,2,2,2,0,10,10,8,8,7,10,9,7,5,5,9,65,62,59,4
8/15/2019,4457 | CSE 2221: DL 357 10:15 - 11:15,,,2,0,2,2,0,2,2,2,2,2,2,2,2,2,2,2,2,2,2,2,2,2,0,0,10,7,9,7,10,10,9,10,11,10,79,82,68,3
8/15/2019,4457 | CSE 2221: DL 357 10:15 - 11:15,,,2,2,2,2,2,2,2,2,2,2,2,2,2,2,2,2,2,2,2,2,2,2,0,8,10,9,10,10,10,8,10,10,10,10,87,75,81,3
8/15/2019,4457 | CSE 2221: DL 357 10:15 - 11:15,,,2,2,2,2,2,1,2,2,2,2,2,2,2,2,2,2,2,2,2,2,2,2,0,10,10,10,10,9,10,7,8,10,8,3,46,62,51,3
8/15/2019,4457 | CSE 2221: DL 357 10:15 - 11:15,,,2,2,2,2,2,2,2,0,2,2,2,2,2,2,2,2,2,2,2,2,2,2,0,7,10,9,7,9,10,10,10,10,12,10,95,95,78,4
5/4/2022,25427 | CSE 2221: DL 266 12:40 - 1:35 and 25428 | CSE 2221: PO 155 12:40 - 1:35,71.43,34.69,2,2,2,2,2,2,2,2,2,2,2,2,2,2,2,2,2,2,0,0,2,2,0,10,9.5,10,10,9.5,9,10,9,9,10,9,100,99,95,4
5/4/2022,25427 | CSE 2221: DL 266 12:40 - 1:35 and 25428 | CSE 2221: PO 155 12:40 - 1:35,78.57,24.49,2,2,2,2,2,2,2,2,2,2,2,2,2,2,2,2,2,2,2,2,2,2,0,10,9.5,7,8,9.5,10,9,9.5,8.5,9,10,93,79,71,4
5/4/2022,25427 | CSE 2221: DL 266 12:40 - 1:35 and 25428 | CSE 2221: PO 155 12:40 - 1:35,50,51.02,2,2,2,2,2,0,0,2,2,2,2,0,0,2,2,2,0,2,2,0,1,2,0,10,10,8,6.5,8.5,10,9,6.5,8.5,9,9,74.5,63,83,4
5/4/2022,25427 | CSE 2221: DL 266 12:40 - 1:35 and 25428 | CSE 2221: PO 155 12:40 - 1:35,64.29,73.47,2,2,2,2,2,2,2,2,2,2,2,2,2,2,2,2,2,2,2,2,2,2,0,10,9,9.5,8,7,6,8,4,4,10,8,76,76,73,4
5/4/2022,25427 | CSE 2221: DL 266 12:40 - 1:35 and 25428 | CSE 2221: PO 155 12:40 - 1:35,0,0,2,2,2,2,2,2,2,2,2,2,2,2,2,2,2,2,2,2,2,2,2,2,0,10,9,9.5,9.5,9,10,9,10,9,12,9,95,94,89,4
5/4/2022,25427 | CSE 2221: DL 266 12:40 - 1:35 and 25428 | CSE 2221: PO 155 12:40 - 1:35,42.86,63.27,2,2,2,2,2,2,2,2,2,2,2,2,2,2,2,2,2,2,2,2,2,2,0,10,10,9.5,10,10,10,9.5,10,10,9,10,91,84,73,4
5/4/2022,25427 | CSE 2221: DL 266 12:40 - 1:35 and 25428 | CSE 2221: PO 155 12:40 - 1:35,7.14,26.53,2,2,2,2,2,2,2,2,2,2,2,2,2,2,2,2,2,2,2,2,2,2,0,9.5,9,10,10,9.5,10,7,10,9.5,10.5,7.5,85,84,63,4
5/4/2022,25427 | CSE 2221: DL 266 12:40 - 1:35 and 25428 | CSE 2221: PO 155 12:40 - 1:35,57.14,79.59,2,2,2,2,2,2,2,2,2,2,2,2,2,2,2,2,2,2,2,2,2,2,0,10,9,10,9,9,9.5,9,9.5,9,10,9.5,98,91,92,4
5/4/2022,25427 | CSE 2221: DL 266 12:40 - 1:35 and 25428 | CSE 2221: PO 155 12:40 - 1:35,57.14,71.43,2,2,2,2,2,2,0,2,2,2,2,0,0,2,2,2,2,0,2,2,0,0,0,10,10,6.5,8.5,8.5,9.5,9,9,7,7,9,85,66,75,4
5/4/2022,25427 | CSE 2221: DL 266 12:40 - 1:35 and 25428 | CSE 2221: PO 155 12:40 - 1:35,78.57,51.02,2,2,2,2,2,2,2,2,2,2,2,2,2,2,2,2,2,2,2,2,2,2,0,10,10,10,10,9,10,10,9.5,10,12,9.5,85,74,72,4
5/4/2022,25427 | CSE 2221: DL 266 12:40 - 1:35 and 25428 | CSE 2221: PO 155 12:40 - 1:35,42.86,63.27,2,2,2,2,2,2,2,2,2,2,2,2,2,2,2,2,1,2,2,2,2,2,0,10,9,10,10,9.5,10,9,9.5,10,10,9.5,82,69,59,3
5/4/2022,25427 | CSE 2221: DL 266 12:40 - 1:35 and 25428 | CSE 2221: PO 155 12:40 - 1:35,64.29,59.18,2,2,2,2,2,2,2,2,2,2,2,2,2,2,2,2,2,2,2,2,2,0,0,10,9,9.5,9.5,9.5,9.5,10,8,8.5,12,10,80,83,75,4
5/4/2022,25427 | CSE 2221: DL 266 12:40 - 1:35 and 25428 | CSE 2221: PO 155 12:40 - 1:35,71.43,40.82,2,2,2,2,1,0,2,2,2,2,2,2,0,0,0,2,1,0,2,2,0,2,0,10,10,10,10,10,10,10,9.5,9.5,10,9.5,93,76,88,4
5/4/2022,25427 | CSE 2221: DL 266 12:40 - 1:35 and 25428 | CSE 2221: PO 155 12:40 - 1:35,14.29,71.43,2,2,2,2,1,2,2,2,2,2,2,2,2,2,1,2,2,2,2,2,2,2,0,10,9.5,10,9,9,10,10,6.5,9.5,10,9,63,45,52,4
5/4/2022,25427 | CSE 2221: DL 266 12:40 - 1:35 and 25428 | CSE 2221: PO 155 12:40 - 1:35,0,8.16,0,2,2,0,0,2,2,1,0,2,1,0,0,0,0,0,0,0,0,0,0,0,0,9.5,10,6,6,0,7,0,0,0,0,0,68,33,23,1
5/4/2022,25427 | CSE 2221: DL 266 12:40 - 1:35 and 25428 | CSE 2221: PO 155 12:40 - 1:35,0,6.12,2,2,2,1,0,0,0,2,0,0,0,0,0,0,0,0,0,0,0,0,0,0,0,9,0,0,0,0,0,0,0,0,0,0,65,47,44,1
5/4/2022,25427 | CSE 2221: DL 266 12:40 - 1:35 and 25428 | CSE 2221: PO 155 12:40 - 1:35,0,8.16,2,2,2,2,2,2,0,0,0,0,0,0,0,0,0,0,0,0,0,0,0,0,0,0,9,7.5,8,0,8,8,0,7.5,0,0,66,64,65,2
5/4/2022,25427 | CSE 2221: DL 266 12:40 - 1:35 and 25428 | CSE 2221: PO 155 12:40 - 1:35,85.71,34.69,2,2,2,2,2,2,2,2,2,2,2,2,2,2,2,2,2,2,2,2,2,2,0,10,9.5,9,9,9,9.5,8.5,10,8,10,9,70,71,64,4
5/4/2022,25427 | CSE 2221: DL 266 12:40 - 1:35 and 25428 | CSE 2221: PO 155 12:40 - 1:35,71.43,40.82,2,2,2,2,2,2,2,0,2,2,0,0,0,0,1,2,2,0,2,0,0,0,0,10,10,9.5,9,8.5,10,9,7,5.5,10,9,94,83,86,4
5/4/2022,25427 | CSE 2221: DL 266 12:40 - 1:35 and 25428 | CSE 2221: PO 155 12:40 - 1:35,78.57,63.27,2,2,2,2,2,2,2,2,2,2,2,2,2,2,2,2,2,2,2,2,2,2,0,10,10,9,8.5,9.5,10,10,9.5,10,12,9.5,98,91,94,4
5/4/2022,25427 | CSE 2221: DL 266 12:40 - 1:35 and 25428 | CSE 2221: PO 155 12:40 - 1:35,50,44.9,2,2,2,2,2,2,2,2,2,2,2,2,2,2,2,2,2,2,2,2,2,2,0,10,10,10,9.5,9.5,10,9,9.5,8,12,10,100,88,93,3
5/4/2022,25427 | CSE 2221: DL 266 12:40 - 1:35 and 25428 | CSE 2221: PO 155 12:40 - 1:35,71.43,59.18,2,2,2,2,2,2,2,2,2,2,2,2,2,2,2,2,2,2,2,2,2,2,0,10,10,10,10,10,10,10,10,9.5,11.5,9.5,92,88,86,4
5/4/2022,25427 | CSE 2221: DL 266 12:40 - 1:35 and 25428 | CSE 2221: PO 155 12:40 - 1:35,0,2.04,2,2,2,2,2,2,2,2,2,2,2,2,2,2,2,2,2,2,2,2,2,2,0,10,10,9,7.5,10,10,8,9.5,10,10,9.5,81,76,67,1
5/4/2022,25427 | CSE 2221: DL 266 12:40 - 1:35 and 25428 | CSE 2221: PO 155 12:40 - 1:35,50,55.1,2,2,2,2,2,2,2,2,2,2,2,2,1,2,2,2,2,2,2,2,2,2,0,10,9,9.5,8.5,10,10,9,10,8.5,10,7,87,79,85,4
5/4/2022,25427 | CSE 2221: DL 266 12:40 - 1:35 and 25428 | CSE 2221: PO 155 12:40 - 1:35,42.86,85.71,2,2,2,2,2,2,2,2,2,2,2,2,2,2,2,2,2,2,2,2,2,2,0,10,9,10,10,10,10,10,10,9.5,10,10,89,82,77,4
5/4/2022,25427 | CSE 2221: DL 266 12:40 - 1:35 and 25428 | CSE 2221: PO 155 12:40 - 1:35,71.43,85.71,2,2,2,2,2,2,2,2,2,2,1,2,2,2,2,2,2,2,2,2,2,2,0,10,8,10,10,8.5,10,8,9.5,9.5,10,10,56,47,52,4
5/4/2022,25427 | CSE 2221: DL 266 12:40 - 1:35 and 25428 | CSE 2221: PO 155 12:40 - 1:35,42.86,71.43,2,2,2,2,2,2,2,2,2,2,2,2,2,2,2,2,2,2,2,2,2,2,0,10,10,10,9.5,9.5,10,9,10,10,8,10,92,81,,4
5/4/2022,25427 | CSE 2221: DL 266 12:40 - 1:35 and 25428 | CSE 2221: PO 155 12:40 - 1:35,78.57,59.18,2,2,0,2,0,2,2,2,2,2,2,2,2,2,2,2,1,2,2,2,2,2,0,10,9.5,7.5,7.5,9,10,9,9,8.5,9.5,7,79,92,92,4
5/4/2022,25427 | CSE 2221: DL 266 12:40 - 1:35 and 25428 | CSE 2221: PO 155 12:40 - 1:35,42.86,18.37,2,2,1,2,2,2,2,2,2,2,1,2,2,2,2,2,2,2,2,2,2,2,0,10,9,8.5,8,7,10,7,9,7,9,6.5,83.5,75,73,4
5/4/2022,25427 | CSE 2221: DL 266 12:40 - 1:35 and 25428 | CSE 2221: PO 155 12:40 - 1:35,50,59.18,2,2,2,2,2,2,2,1,2,1,2,2,2,2,2,2,2,2,1,2,2,2,0,10,10,7.5,6,8,10,9,7.5,8,10,9,88,85,90,4
5/4/2022,25427 | CSE 2221: DL 266 12:40 - 1:35 and 25428 | CSE 2221: PO 155 12:40 - 1:35,64.29,85.71,2,2,2,2,2,2,2,2,2,2,2,2,2,2,2,2,0,2,2,2,0,2,0,10,10,9,7.5,8,8.5,9,8.5,9,7,8.5,83,77,72,4
5/4/2022,25427 | CSE 2221: DL 266 12:40 - 1:35 and 25428 | CSE 2221: PO 155 12:40 - 1:35,0,0,2,2,2,2,2,2,2,2,2,2,0,2,2,2,2,2,2,2,2,2,2,0,0,10,10,10,8.5,8.5,8,10,9.5,8.5,10,10,96,97,93,4
5/4/2022,25427 | CSE 2221: DL 266 12:40 - 1:35 and 25428 | CSE 2221: PO 155 12:40 - 1:35,57.14,38.78,2,2,2,2,2,2,2,2,2,2,2,2,2,2,2,2,2,2,2,2,2,2,0,10,10,10,9,9.5,9,10,7.5,6.5,9.5,9.5,85,77,80,4
5/4/2022,25427 | CSE 2221: DL 266 12:40 - 1:35 and 25428 | CSE 2221: PO 155 12:40 - 1:35,50,40.82,2,2,2,2,2,2,2,2,1,1,0,2,2,2,2,2,2,2,2,2,2,2,0,10,9.5,10,10,10,8.5,10,10,9,12,9.5,82,84,84,4
5/4/2022,25427 | CSE 2221: DL 266 12:40 - 1:35 and 25428 | CSE 2221: PO 155 12:40 - 1:35,0,14.29,2,2,2,2,2,2,2,2,2,2,2,2,1,1,2,2,2,2,2,2,2,2,0,10,9.5,10,10,9.5,10,10,7.5,8,10,9,72,56,38,4
5/4/2022,25427 | CSE 2221: DL 266 12:40 - 1:35 and 25428 | CSE 2221: PO 155 12:40 - 1:35,57.14,24.49,2,2,2,2,2,2,2,2,2,2,2,2,1,1,1,2,2,2,2,2,2,2,0,10,10,10,10,10,10,10,10,8.5,11,10,83,70,75,4
5/4/2022,37465 | CSE 2221: DL 266 11:30 - 12:25 and 37467 | CSE 2221: PO 155 11:30 - 12:25,0,0,2,2,2,2,2,2,2,2,0,2,2,1.6,2,0,2,2,1.5,2,2,2,2,2,0,9,10,10,9.5,8.5,9.5,10,8.5,9.5,6.5,10,82,68,78,3
5/4/2022,37465 | CSE 2221: DL 266 11:30 - 12:25 and 37467 | CSE 2221: PO 155 11:30 - 12:25,75,93.88,2,2,2,2,2,1.5,2,2,2,2,2,2,2,2,2,2,2,2,2,2,2,2,0,10,7.5,8.5,9,10,9.5,8,9.5,9.5,8,10,71,62,57,4
5/4/2022,37465 | CSE 2221: DL 266 11:30 - 12:25 and 37467 | CSE 2221: PO 155 11:30 - 12:25,62.5,20.41,2,2,0,2,2,2,2,2,2,2,2,2,0,2,2,2,2,2,2,2,2,2,0,9,10,10,7,9,10,9.5,8.5,10,9,10,81,82,76,4
5/4/2022,37465 | CSE 2221: DL 266 11:30 - 12:25 and 37467 | CSE 2221: PO 155 11:30 - 12:25,0,12.24,2,2,2,2,2,2,2,0,2,2,0,2,0,2,2,2,2,2,2,2,0,2,0,10,9.5,10,0,8,7,7.5,7.5,0,0,9.5,77,70,65,2
5/4/2022,37465 | CSE 2221: DL 266 11:30 - 12:25 and 37467 | CSE 2221: PO 155 11:30 - 12:25,58.33,65.31,2,2,2,2,2,2,2,2,2,2,2,2,2,2,2,2,2,2,2,2,2,2,0,10,9.5,10,10,10,10,10,10,10,10.5,10,87,80,95,4
5/4/2022,37465 | CSE 2221: DL 266 11:30 - 12:25 and 37467 | CSE 2221: PO 155 11:30 - 12:25,37.5,30.61,2,2,0,0,0,0,0,0,0,2,0,0,2,2,2,2,2,2,2,1.33,2,0,0,10,0,4,9,9.5,5,9.5,8,7,9.5,10,66,48,49,3
5/4/2022,37465 | CSE 2221: DL 266 11:30 - 12:25 and 37467 | CSE 2221: PO 155 11:30 - 12:25,91.67,36.73,2,2,2,2,2,2,2,2,2,2,2,2,2,2,2,2,2,2,2,2,2,2,0,10,8.5,10,9.5,10,9.5,10,10,10,8.5,10,68,71,73,4
5/4/2022,37465 | CSE 2221: DL 266 11:30 - 12:25 and 37467 | CSE 2221: PO 155 11:30 - 12:25,83.33,67.35,2,2,2,2,2,2,2,2,2,2,2,2,2,2,2,2,2,2,2,2,2,2,0,9.5,7,9.5,9,10,10,10,10,10,10.5,9,99,94,85,4
5/4/2022,37465 | CSE 2221: DL 266 11:30 - 12:25 and 37467 | CSE 2221: PO 155 11:30 - 12:25,4.17,2.04,2,2,0,0,2,2,2,2,2,2,2,2,0,0,0,2,2,0,2,2,2,2,0,10,3.5,3,9.5,10,9.5,10,6.5,7,9.5,10,37,42,23,1
5/4/2022,37465 | CSE 2221: DL 266 11:30 - 12:25 and 37467 | CSE 2221: PO 155 11:30 - 12:25,0,0,2,2,2,2,2,2,2,1.5,2,2,2,2,2,0,2,2,1.5,0,0,2,2,0,0,10,8.5,8,7.5,8,9.5,10,6.5,7.5,5,8,76,77,63,4
5/4/2022,37465 | CSE 2221: DL 266 11:30 - 12:25 and 37467 | CSE 2221: PO 155 11:30 - 12:25,45.83,18.37,2,2,0,1,2,1,2,0,0,0,2,0,0,2,0,0,0,0,0,0,0,0,0,9,8,0,0,0,0,0,0,0,0,0,73.5,30,0,1
5/4/2022,37465 | CSE 2221: DL 266 11:30 - 12:25 and 37467 | CSE 2221: PO 155 11:30 - 12:25,0,4.08,2,2,2,2,2,0.5,2,2,2,2,2,2,2,2,2,0,2,0,2,2,0,0,0,9,7,9.5,6.5,10,9.5,8,9.5,0,9.5,10,79,54,61,1
5/4/2022,37465 | CSE 2221: DL 266 11:30 - 12:25 and 37467 | CSE 2221: PO 155 11:30 - 12:25,41.67,28.57,2,2,2,2,2,1.5,2,2,2,2,2,2,2,2,2,2,2,2,2,1.33,2,2,0,10,9,8,9,10,9.5,8.5,6,9.5,10,9,64.5,67,,3
5/4/2022,37465 | CSE 2221: DL 266 11:30 - 12:25 and 37467 | CSE 2221: PO 155 11:30 - 12:25,58.33,55.1,2,1.5,2,2,2,2,2,2,2,2,2,2,2,2,2,2,2,2,2,2,2,2,0,10,8,8,7,8,10,8.5,8,8.5,10,10,73,79,74,4
5/4/2022,37465 | CSE 2221: DL 266 11:30 - 12:25 and 37467 | CSE 2221: PO 155 11:30 - 12:25,70.83,30.61,2,2,2,2,2,2,1.5,2,2,2,2,2,2,2,2,2,2,2,2,2,0,2,0,10,8,10,5,6.5,8.5,8,8,8,6,9.5,97.5,88,82,3
5/4/2022,37465 | CSE 2221: DL 266 11:30 - 12:25 and 37467 | CSE 2221: PO 155 11:30 - 12:25,79.17,36.73,2,2,2,2,2,2,2,0,0,2,2,1.6,0,0,2,2,2,0,0,0,0,0,0,10,9.5,0,9.75,9.5,9.5,10,0,0,0,0,60,59,0,3
5/4/2022,37465 | CSE 2221: DL 266 11:30 - 12:25 and 37467 | CSE 2221: PO 155 11:30 - 12:25,20.83,67.35,2,2,2,2,2,2,2,2,2,2,2,2,2,1,2,2,2,2,2,2,2,2,0,10,8.5,10,10,10,10,10,10,10,8.5,7,74,74,76,4
5/4/2022,37465 | CSE 2221: DL 266 11:30 - 12:25 and 37467 | CSE 2221: PO 155 11:30 - 12:25,33.33,30.61,2,2,2,2,2,2,2,2,2,2,2,2,2,2,2,2,2,2,2,2,2,2,0,10,10,10,10,10,10,10,10,9.5,10,10,96.5,78,91,4
5/4/2022,37465 | CSE 2221: DL 266 11:30 - 12:25 and 37467 | CSE 2221: PO 155 11:30 - 12:25,91.67,26.53,2,2,2,2,2,2,2,2,2,2,2,2,2,2,2,2,2,2,2,2,0,0,0,10,8.5,10,8,9.5,9.5,8.5,9.5,9,7,9,76,64,52,3
5/4/2022,37465 | CSE 2221: DL 266 11:30 - 12:25 and 37467 | CSE 2221: PO 155 11:30 - 12:25,66.67,24.49,2,2,2,2,2,2,2,2,2,2,2,2,0,0,0,2,2,2,2,2,0,0,0,10,8,10,10,10,9.5,8.5,8,0,0,0,89,73,69,3
5/4/2022,37465 | CSE 2221: DL 266 11:30 - 12:25 and 37467 | CSE 2221: PO 155 11:30 - 12:25,75,24.49,2,2,2,2,2,1,2,2,2,2,2,2,2,2,2,2,2,2,2,2,2,2,0,10,9,10,10,10,9.5,10,10,9.5,8,10,96,78,69,4
5/4/2022,37465 | CSE 2221: DL 266 11:30 - 12:25 and 37467 | CSE 2221: PO 155 11:30 - 12:25,70.83,55.1,2,2,2,2,2,2,2,2,2,2,2,2,2,2,2,2,2,2,2,2,2,2,0,10,8,8.5,10,10,9.5,10,9,9,5,7,44,49,50,4
5/4/2022,37465 | CSE 2221: DL 266 11:30 - 12:25 and 37467 | CSE 2221: PO 155 11:30 - 12:25,0,0,2,2,2,2,2,2,2,2,2,2,2,2,2,2,2,2,2,2,2,2,2,2,0,10,10,10,10,10,8,10,9,10,12,10,94,84,81,4
5/4/2022,37465 | CSE 2221: DL 266 11:30 - 12:25 and 37467 | CSE 2221: PO 155 11:30 - 12:25,58.33,38.78,2,2,2,2,2,2,0,2,2,2,2,2,2,2,0,2,2,2,2,2,2,2,0,10,9,9,9,9.5,6,8.5,9,9,9,10,86,76,89,3
5/4/2022,37465 | CSE 2221: DL 266 11:30 - 12:25 and 37467 | CSE 2221: PO 155 11:30 - 12:25,4.17,10.2,0,2,0,0,0,0,0,0,0,0,0,0,0,0,0,0,0,0,0,0,0,0,0,10,0,9.5,10,9.5,10,9.5,0,0,0,0,81,59,69,2
5/4/2022,37465 | CSE 2221: DL 266 11:30 - 12:25 and 37467 | CSE 2221: PO 155 11:30 - 12:25,79.17,36.73,2,2,2,2,2,2,2,2,2,2,2,2,2,2,2,2,2,2,2,2,0,2,0,10,10,10,10,10,9.5,10,10,10,10,10,99,93,96,4
5/4/2022,37465 | CSE 2221: DL 266 11:30 - 12:25 and 37467 | CSE 2221: PO 155 11:30 - 12:25,54.17,4.08,2,2,2,2,2,2,2,2,2,2,2,1.2,0,2,0,2,0,0,2,0,0,0,0,10,9.5,10,10,9.5,9.5,10,10,8.5,8,10,94,89,83,4
5/4/2022,37465 | CSE 2221: DL 266 11:30 - 12:25 and 37467 | CSE 2221: PO 155 11:30 - 12:25,4.17,8.16,2,2,2,2,0,0,0,1,2,0,0,0,0,0,0,0,0,0,0,0,0,0,0,10,10,9,10,0,0,0,0,0,0,0,91,60,0,1
5/4/2022,37465 | CSE 2221: DL 266 11:30 - 12:25 and 37467 | CSE 2221: PO 155 11:30 - 12:25,54.17,38.78,2,0,2,2,0,2,2,2,2,2,2,2,2,2,2,2,2,2,2,2,0,0,0,10,6.5,8.5,10,10,8,10,8.5,9,10.5,9,76.5,58,64,3
5/4/2022,37465 | CSE 2221: DL 266 11:30 - 12:25 and 37467 | CSE 2221: PO 155 11:30 - 12:25,0,0,2,2,2,2,2,2,2,2,2,2,2,2,2,2,2,2,2,2,2,2,2,2,0,10,10,9,10,10,9.5,10,10,10,9.5,10,87,76,71,4
5/4/2022,37465 | CSE 2221: DL 266 11:30 - 12:25 and 37467 | CSE 2221: PO 155 11:30 - 12:25,58.33,14.29,0,1,1,2,0,0,0,0,0,0,0,0,0,0,0,0,0,0,0,0,0,0,0,9,7,8.5,9,9,9,10,5.5,7.5,10,9.5,75,79,83,3
5/4/2022,37465 | CSE 2221: DL 266 11:30 - 12:25 and 37467 | CSE 2221: PO 155 11:30 - 12:25,50,57.14,2,2,2,2,2,2,2,2,2,2,2,2,2,2,2,2,2,2,2,2,2,2,0,10,10,10,9.5,10,10,10,10,10,9,10,87,79,72,3
5/4/2022,37465 | CSE 2221: DL 266 11:30 - 12:25 and 37467 | CSE 2221: PO 155 11:30 - 12:25,8.33,32.65,2,2,2,2,2,2,2,2,2,1.5,2,2,2,2,2,2,2,0,2,2,2,2,0,9.5,4.5,7,7.5,9,9.5,8,6.5,9.5,6,9,70.5,57,51,4
5/4/2022,37465 | CSE 2221: DL 266 11:30 - 12:25 and 37467 | CSE 2221: PO 155 11:30 - 12:25,66.67,10.2,2,2,2,2,2,2,2,2,2,2,2,2,2,2,2,2,2,2,2,2,2,2,0,10,9,9,10,9.5,9.5,10,10,9.5,10.5,10,84.5,72,78,3
5/4/2022,37465 | CSE 2221: DL 266 11:30 - 12:25 and 37467 | CSE 2221: PO 155 11:30 - 12:25,62.5,91.84,2,2,2,2,2,1,2,2,2,2,2,2,2,2,2,2,2,2,2,2,2,2,0,9.5,8.5,10,8,9,9.5,10,9,10,8.5,9,77,64,53,4
5/4/2022,37465 | CSE 2221: DL 266 11:30 - 12:25 and 37467 | CSE 2221: PO 155 11:30 - 12:25,50,24.49,2,2,2,2,2,2,2,2,2,2,2,2,2,2,2,2,2,2,2,2,2,2,0,10,10,10,10,10,9.5,10,10,9.5,7,10,92,87,94,4
